-- Active: 1685344824419@@127.0.0.1@3306@membershiprolesdb


INSERT INTO users(imageurl,aadharid,firstname,lastname,birthdate,gender,email,contactnumber,password) VALUES("AkshayTanpure.jpg","580408011566","Pragati","Bangar","2000-12-18","Female","bangarpragati11@gmail.com","1245987456","password");
INSERT INTO users(imageurl,aadharid,firstname,lastname,birthdate,gender,email,contactnumber,password) VALUES("AkshayTanpure.jpg","580408011562","Abhay","Navale","2000-12-08","male","navaleabhay11@gmail.com","8456123654","password");
INSERT INTO users(imageurl,aadharid,firstname,lastname,birthdate,gender,email,contactnumber,password) VALUES("AkshayTanpure.jpg","58040801153","Akash","Ajab","2000-12-28","male","ajabakash11@gmail.com","7758983095","password");
INSERT INTO users(imageurl,aadharid,firstname,lastname,birthdate,gender,email,contactnumber,password) VALUES("AkshayTanpure.jpg","58040801154","Ashok","Bajare","1984-12-28","male","ashok311@gmail.com","8752312210","password");
INSERT INTO users(imageurl,aadharid,firstname,lastname,birthdate,gender,email,contactnumber,password) VALUES("AkshayTanpure.jpg","58040801155","Ganesh","Morde","1990-04-28","male","mordeganesh11@gmail.com","8546123565","password");
INSERT INTO users(imageurl,aadharid,firstname,lastname,birthdate,gender,email,contactnumber,password) VALUES("AkshayTanpure.jpg","58040801156","Datta","Fuge","1991-01-12","male","dattam@gmail.com","8923456790","password");
INSERT INTO users(imageurl,aadharid,firstname,lastname,birthdate,gender,email,contactnumber,password) VALUES("AkshayTanpure.jpg","58040801157","Ramesh","Kale","1980-04-07","male","rameshkale1@gmail.com","8976231245","password");
INSERT INTO users(imageurl,aadharid,firstname,lastname,birthdate,gender,email,contactnumber,password) VALUES("AkshayTanpure.jpg","58040801158","Ram","Bajare","1980-04-07","male","rambajare@gmail.com","8767098245","password");
INSERT INTO users(imageurl,aadharid,firstname,lastname,birthdate,gender,email,contactnumber,password) VALUES("AkshayTanpure.jpg","58040801159","Dadabhau","Navle","1980-04-07","male","dadabhaunavle@gmail.com","9978234578","password");
INSERT INTO users(imageurl,aadharid,firstname,lastname,birthdate,gender,email,contactnumber,password) VALUES("AkshayTanpure.jpg","58040801160","Maruti","Shinde","1980-04-07","male","marutidhinde@gmail.com","8841235696","password");
INSERT INTO users(imageurl,aadharid,firstname,lastname,birthdate,gender,email,contactnumber,password) VALUES("AkshayTanpure.jpg","76787954565","Vishal","Kudale","1960-04-07","male","vishalkudle@gmail.com","9090909090","password");
INSERT INTO users(imageurl,aadharid,firstname,lastname,birthdate,gender,email,contactnumber,password) VALUES("AkshayTanpure.jpg","76787923466","Vishal","Thorat","1969-04-07","male","vishalthorat@gmail.com","9089898989","password");
INSERT INTO users(imageurl,aadharid,firstname,lastname,birthdate,gender,email,contactnumber,password) VALUES("AkshayTanpure.jpg","76787912367","Vishal","Kale","1964-04-07","male","vishalkale@gmail.com","8909090909","password");
INSERT INTO users(imageurl,aadharid,firstname,lastname,birthdate,gender,email,contactnumber,password) VALUES("AkshayTanpure.jpg","76734554568","Vishal","Totre","1963-04-07","male","vishaltotre@gmail.com","9889898989","password");
INSERT INTO users(imageurl,aadharid,firstname,lastname,birthdate,gender,email,contactnumber,password) VALUES("AkshayTanpure.jpg","76734554569","Ramesh","Kamble","1983-04-07","male","rameshkamble12@gmail.com","9945612032","password");
INSERT INTO users(imageurl,aadharid,firstname,lastname,birthdate,gender,email,contactnumber,password) VALUES("AkshayTanpure.jpg","76734554570","Omkar","Ghule","1999-04-08","male","ghuleomkar@gmail.com","9922456138","password");
INSERT INTO users (imageurl, aadharid, firstname, lastname, birthdate, gender, email, contactnumber,password) VALUES  ("SnehalPatil.jpg", "678912345678", "Snehal", "Patil", "1995-09-15", "female", "snehal.patil@gmail.com", "9988776655","password");
INSERT INTO users (imageurl, aadharid, firstname, lastname, birthdate, gender, email, contactnumber,password) VALUES  ("PranavDeshmukh.jpg", "123456789012", "Pranav", "Deshmukh", "1990-12-25", "male", "pranav.deshmukh@gmail.com", "9876543210","password");
INSERT INTO users (imageurl, aadharid, firstname, lastname, birthdate, gender, email, contactnumber,password) VALUES  ("PoojaJadhav.jpg", "456789012346", "Pooja", "Jadhav", "1993-07-11", "female", "pooja.jadhav@gmail.com", "9876543211","password");
INSERT INTO users (imageurl, aadharid, firstname, lastname, birthdate, gender, email, contactnumber,password) VALUES ("NitinPawar.jpg", "789012345679", "Nitin", "Pawar", "1988-03-20", "male", "nitin.pawar@gmail.com", "9876543212","password");
INSERT INTO users (imageurl, aadharid, firstname, lastname, birthdate, gender, email, contactnumber,password) VALUES   ("ShubhangiKulkarni.jpg", "345678906234", "Shubhangi", "Kulkarni", "1994-06-30", "female", "shubhangi.kulkarni@gmail.com", "9876543213","password");
INSERT INTO users (imageurl, aadharid, firstname, lastname, birthdate, gender, email, contactnumber,password) VALUES ("AmolKadam.jpg", "987654321987", "Amol", "Kadam", "1991-08-12", "male", "amol.kadam@gmail.com", "9876543214","password");
INSERT INTO users (imageurl, aadharid, firstname, lastname, birthdate, gender, email, contactnumber,password) VALUES ("PriyaShinde.jpg", "567890123456", "Priya", "Shinde", "1996-02-05", "female", "priya.shinde@gmail.com", "9876543215","password");
INSERT INTO users (imageurl, aadharid, firstname, lastname, birthdate, gender, email, contactnumber,password) VALUES ("GaneshPatil.jpg", "345678912345", "Ganesh", "Patil", "1985-11-19", "male", "ganesh.patil@gmail.com", "9876543216","password");
INSERT INTO users (imageurl, aadharid, firstname, lastname, birthdate, gender, email, contactnumber,password) VALUES ("ManishaJoshi.jpg", "678901234567", "Manisha", "Joshi", "1992-03-28", "female", "manisha.joshi@gmail.com", "9876543217","password");
INSERT INTO users (imageurl, aadharid, firstname, lastname, birthdate, gender, email, contactnumber,password) VALUES ("RahulShah.jpg", "234567890113", "Rahul", "Shah", "1987-07-03", "male", "rahul.shah@gmail.com", "9876543218","password");
INSERT INTO users (imageurl, aadharid, firstname, lastname, birthdate, gender, email, contactnumber,password) VALUES  ("SmitaPawar.jpg", "456789012349", "Smita", "Pawar", "1998-01-14", "female", "smita.pawar@gmail.com", "9876543219","password");
INSERT INTO users (imageurl, aadharid, firstname, lastname, birthdate, gender, email, contactnumber,password) VALUES ("VikramDeshpande.jpg", "789012345638", "Vikram", "Deshpande", "1986-05-22", "male", "vikram.deshpande@gmail.com", "9876543220","password");
INSERT INTO users (imageurl, aadharid, firstname, lastname, birthdate, gender, email, contactnumber,password) VALUES ("MeeraGupta.jpg", "234567890223", "Meera", "Gupta", "1997-09-09", "female", "meera.gupta@gmail.com", "9876543221","password");
INSERT INTO users (imageurl, aadharid, firstname, lastname, birthdate, gender, email, contactnumber,password) VALUES ("RohitJoshi.jpg", "456789012345", "Rohit", "Joshi", "1984-12-31", "male", "rohit.joshi@gmail.com", "9876543222","password");
INSERT INTO users (imageurl, aadharid, firstname, lastname, birthdate, gender, email, contactnumber,password) VALUES  ("AnjaliKulkarni.jpg", "789012349678", "Anjali", "Kulkarni", "1990-06-17", "female", "anjali.kulkarni@gmail.com", "9876543223","password");
INSERT INTO users (imageurl, aadharid, firstname, lastname, birthdate, gender, email, contactnumber,password) VALUES ("AmitPatil.jpg", "345678901334", "Amit", "Patil", "1989-04-07", "male", "amit.patil@gmail.com", "9876543224","password");
INSERT INTO users (imageurl, aadharid, firstname, lastname, birthdate, gender, email, contactnumber,password) VALUES  ("SupriyaSharma.jpg", "567890123156", "Supriya", "Sharma", "1994-10-23", "female", "supriya.sharma@gmail.com", "9876543225","password");
INSERT INTO users (imageurl, aadharid, firstname, lastname, birthdate, gender, email, contactnumber,password) VALUES ("RajeshMali.jpg", "234567890123", "Rajesh", "Mali", "1993-03-15", "male", "rajesh.mali@gmail.com", "9876545353","password");
INSERT INTO users (imageurl, aadharid, firstname, lastname, birthdate, gender, email, contactnumber,password) VALUES ("SachinGawade.jpg", "345678901234", "Sachin", "Gawade", "1990-11-25", "male", "sachin.gawade@gmail.com", "9876543226","password");
INSERT INTO users (imageurl, aadharid, firstname, lastname, birthdate, gender, email, contactnumber,password) VALUES ("ManasiDesai.jpg", "234567890923", "Manasi", "Desai", "1988-07-14", "female", "manasi.desai@gmail.com", "9876543227","password");
INSERT INTO users (imageurl, aadharid, firstname, lastname, birthdate, gender, email, contactnumber,password) VALUES ("AmarJadhav.jpg", "789012345678", "Amar", "Jadhav", "1986-02-18", "male", "amar.jadhav@gmail.com", "9876543228","password");
INSERT INTO users (imageurl, aadharid, firstname, lastname, birthdate, gender, email, contactnumber,password) VALUES ("SheetalKumar.jpg", "456789012945", "Sheetal", "Kumar", "1991-05-09", "female", "sheetal.kumar@gmail.com", "9876543229","password");
INSERT INTO users (imageurl, aadharid, firstname, lastname, birthdate, gender, email, contactnumber,password) VALUES ("RajeshwariMore.jpg", "567890121256", "Rajeshwari", "More", "1995-08-28", "female", "rajeshwari.more@gmail.com", "9876543230","password");
INSERT INTO users (imageurl, aadharid, firstname, lastname, birthdate, gender, email, contactnumber,password) VALUES ("KunalGupta.jpg", "234567892123", "Kunal", "Gupta", "1993-12-12", "male", "kunal.gupta@gmail.com", "9876543231","password");



INSERT INTO addresses(userid,area,landmark,city,state,pincode) VALUES(1, 'Manchar','near gujrathi hospital', 'Manchar','Maharashtra','410503');
INSERT INTO addresses(userid,area,landmark,city,state,pincode) VALUES (2, 'Pargaon tarfe khead','chikhalewasti', 'Pargaon tarfe khead','Maharashtra','410512');
INSERT INTO addresses(userid,area,landmark,city,state,pincode) VALUES(3, 'Kudalwadi','near ganesh mandir', 'Kudalwadi','Maharashtra','410512');  
INSERT INTO addresses(userid,area,landmark,city,state,pincode) VALUES(4,'rajgurunagar',' near water tank','rajgurunagar','Maharashtra','410505'); 
INSERT INTO addresses(userid,area,landmark,city,state,pincode) VALUES(8, 'kurwandi','', 'kurwandi','Maharashtra','410512');
INSERT INTO addresses(userid,area,landmark,city,state,pincode) VALUES(9, 'sangli','', 'sangli','Maharashtra','415301');  
INSERT INTO addresses(userid,area,landmark,city,state,pincode) VALUES(15, 'bhavdi','near om agroservices', 'bhavdi','Maharashtra','410512'); 
INSERT INTO addresses(userid,area,landmark,city,state,pincode) VALUES(16, 'awsari phata', 'next to gowardhan dairy','awsari','Maharashtra','410503'); 
INSERT INTO addresses(userid,area,landmark,city,state,pincode) VALUES(17, 'manchar','pimplegaon pahata', 'pimplegaon pahata','Maharashtra','410503'); 
INSERT INTO addresses(userid,area,landmark,city,state,pincode) VALUES (18, 'vadgaon kashimbeg','', 'vadgaon kashimbeg','Maharashtra','410503'); 
INSERT INTO addresses(userid,area,landmark,city,state,pincode) VALUES(19, 'sandbhorwadi','', 'sandbhorwadi','Maharashtra','410505'); 
INSERT INTO addresses(userid,area,landmark,city,state,pincode) VALUES(20, 'rakshewadi','', 'rajgurunagar','Maharashtra','410505'); 
INSERT INTO addresses(userid,area,landmark,city,state,pincode) VALUES (21, 'chvanmala','', 'rajgurunagar','Maharashtra','410505'); 
INSERT INTO addresses(userid,area,landmark,city,state,pincode) VALUES(22,'Ozar','near ganesh mandir','Ozar','Maharashtra','410504');
INSERT INTO addresses(userid,area,landmark,city,state,pincode) VALUES(23,'Pimperkhed','','Pimperkhed','Maharashtra','410504');
INSERT INTO addresses(userid,area,landmark,city,state,pincode) VALUES(24,'Nimgaon Sava','','Nimgaon Sava','Maharashtra','410504');
INSERT INTO addresses(userid,area,landmark,city,state,pincode) VALUES(25,'Yenere','near bus stand','Yenere','Maharashtra','410502'); 
INSERT INTO addresses(userid,area,landmark,city,state,pincode) VALUES(26,'Rajur','','Rajur','Maharashtra','410502'); 
INSERT INTO addresses(userid,area,landmark,city,state,pincode) VALUES(27,'Tambe','','Tambe','Maharashtra','410502');
INSERT INTO addresses(userid,area,landmark,city,state,pincode) VALUES(28,'narayangaon','near bus stand','narayangaon','Maharashtra','410504');
INSERT INTO addresses(userid,area,landmark,city,state,pincode) VALUES(29,'karegaon','gavthan','karegaon','Maharashtra','410512');     
INSERT INTO addresses(userid,area,landmark,city,state,pincode) VALUES(30,'junnar','near bus stand','junnar','Maharashtra','410502'); 
INSERT INTO addresses(userid,area,landmark,city,state,pincode) VALUES(31,'narayangaon','near bus stand','narayangaon','Maharashtra','410504');
INSERT INTO addresses(userid,area,landmark,city,state,pincode) VALUES(32,'karegaon','gavthan','karegaon','Maharashtra','410512');     
INSERT INTO addresses(userid,area,landmark,city,state,pincode) VALUES (33,'rajgurunagar',' ','rajgurunagar','Maharashtra','410505');
INSERT INTO addresses(userid,area,landmark,city,state,pincode) VALUES(34, 'manchar','bus stand', 'manchar','Maharashtra','410503'); 
INSERT INTO addresses(userid,area,landmark,city,state,pincode) VALUES(35,'junnar','near bus stand','junnar','Maharashtra','410502'); 
INSERT INTO addresses(userid,area,landmark,city,state,pincode) VALUES(36,'narayangaon','near bus stand','narayangaon','Maharashtra','410504');
INSERT INTO addresses(userid,area,landmark,city,state,pincode) VALUES(37,'karegaon','gavthan','karegaon','Maharashtra','410512');     
INSERT INTO addresses(userid,area,landmark,city,state,pincode) VALUES(38,'rajgurunagar',' ','rajgurunagar','Maharashtra','410505');
INSERT INTO addresses(userid,area,landmark,city,state,pincode) VALUES(39, 'manchar','bus stand', 'manchar','Maharashtra','410503'); 
INSERT INTO addresses(userid,area,landmark,city,state,pincode) VALUES(40,'junnar','near bus stand','junnar','Maharashtra','410502'); 


INSERT INTO roles(name,lob)VALUES('Director','PMS');
INSERT INTO roles(name,lob)VALUES('HR Manager','PMS');
INSERT INTO roles(name,lob)VALUES('Team Manager','PMS');
INSERT INTO roles(name,lob)VALUES('Team Member','PMS');

INSERT INTO roles(name,lob) VALUES("Store Incharge",'Inventory Management');
INSERT INTO roles(name,lob) VALUES("Store Manager",'Inventory Management');
INSERT INTO roles(name,lob) VALUES("Supervisor",'Inventory Management');
INSERT INTO roles(name,lob) VALUES("Store Worker",'Inventory Management');
INSERT INTO roles(name,lob) VALUES("Supervisor Incharge",'Inventory Management');

INSERT INTO roles(name,lob) VALUES ('Store Owner','EKrushi');
INSERT INTO roles(name,lob) VALUES ('Customer','EKrushi');
INSERT INTO roles(name,lob) VALUES ('Supplier','EKrushi');
INSERT INTO roles(name,lob) VALUES ('Shipper','EKrushi');
INSERT INTO roles(name,lob) VALUES ('SubjectMatterExpert','EKrushi');



 
INSERT INTO roles(name,lob)VALUES('farmer ','EAgro');
INSERT INTO roles(name,lob)VALUES ('collection manager','EAgro');
INSERT INTO roles(name,lob)VALUES('inspector','EAgro');
INSERT INTO roles(name,lob)VALUES('transporter','EAgro');
INSERT INTO roles(name,lob)VALUES('merchant','EAgro');   





INSERT INTO userroles(userid,roleid) VALUES (1,1);
INSERT INTO userroles(userid,roleid) VALUES (2,1);
INSERT INTO userroles(userid,roleid) VALUES (3,1);
INSERT INTO userroles(userid,roleid) VALUES (4,2);
INSERT INTO userroles(userid,roleid) VALUES (5,2);
INSERT INTO userroles(userid,roleid) VALUES (6,2);
INSERT INTO userroles(userid,roleid) VALUES (7,3);
INSERT INTO userroles(userid,roleid) VALUES (8,3);
INSERT INTO userroles(userid,roleid) VALUES (9,3);
INSERT INTO userroles(userid,roleid) VALUES (10,4);
INSERT INTO userroles(userid,roleid) VALUES (11,4);
INSERT INTO userroles(userid,roleid) VALUES (12,4);
INSERT INTO userroles(userid,roleid) VALUES (13,4);
INSERT INTO userroles(userid,roleid) VALUES (14,4);
INSERT INTO userroles(userid,roleid) VALUES (15,4);
INSERT INTO userroles(userid,roleid) VALUES (16,4);
INSERT INTO userroles(userid,roleid) VALUES (17,4);
INSERT INTO userroles(userid,roleid) VALUES (18,4);
INSERT INTO userroles(userid,roleid) VALUES (19,4);
INSERT INTO userroles(userid,roleid) VALUES (20,4);
INSERT INTO userroles(userid,roleid) VALUES (21,4);
INSERT INTO userroles(userid,roleid) VALUES (22,4);
insert into userroles(userid,roleid)values(23,4);


INSERT INTO userroles(userid,roleid) VALUES (1,10);
INSERT INTO userroles(userid,roleid) VALUES (4,10);
INSERT INTO userroles(userid,roleid) VALUES (28,10);
INSERT INTO userroles(userid,roleid) VALUES (29,10);
INSERT INTO userroles(userid,roleid) VALUES (30,10);

INSERT INTO userroles(userid,roleid) VALUES (2,11);
INSERT INTO userroles(userid,roleid) VALUES (3,11);
INSERT INTO userroles(userid,roleid) VALUES (15,11);
INSERT INTO userroles(userid,roleid) VALUES (16,11);
INSERT INTO userroles(userid,roleid) VALUES (17,11);
INSERT INTO userroles(userid,roleid) VALUES (18,11);
INSERT INTO userroles(userid,roleid) VALUES (19,11);
INSERT INTO userroles(userid,roleid) VALUES (20,11);
INSERT INTO userroles(userid,roleid) VALUES (21,11);
INSERT INTO userroles(userid,roleid) VALUES (22,11);
INSERT INTO userroles(userid,roleid) VALUES (23,11);
INSERT INTO userroles(userid,roleid) VALUES (24,11);
INSERT INTO userroles(userid,roleid) VALUES (25,11);
INSERT INTO userroles(userid,roleid) VALUES (26,11);
INSERT INTO userroles(userid,roleid) VALUES (27,11);

INSERT INTO userroles(userid,roleid) VALUES (12,12);
INSERT INTO userroles(userid,roleid) VALUES (13,12);

INSERT INTO userroles(userid,roleid) VALUES (31,13);
INSERT INTO userroles(userid,roleid) VALUES (32,13);
INSERT INTO userroles(userid,roleid) VALUES (33,13);
INSERT INTO userroles(userid,roleid) VALUES (34,13);
INSERT INTO userroles(userid,roleid) VALUES (35,13);


INSERT INTO userroles(userid,roleid) VALUES (8,14);
INSERT INTO userroles(userid,roleid) VALUES (9,14);
INSERT INTO userroles(userid,roleid) VALUES (36,14);
INSERT INTO userroles(userid,roleid) VALUES (37,14);
INSERT INTO userroles(userid,roleid) VALUES (38,14);
INSERT INTO userroles(userid,roleid) VALUES (39,14);
INSERT INTO userroles(userid,roleid) VALUES (40,14);

